{"cameraMode":{"drawMode":0,"name":"Shaded","section":"Shading Mode"},"sceneLighting":false,"audioPlay":false,"sceneViewState":{"m_AlwaysRefresh":false,"showFog":true,"showSkybox":false,"showFlares":true,"showImageEffects":true,"showParticleSystems":true,"showVisualEffectGraphs":true,"m_FxEnabled":true},"in2DMode":false,"pivot":{"x":-4.562386512756348,"y":8.145691871643067,"z":-31.034738540649415},"rotation":{"x":0.027118060737848283,"y":-0.24847552180290223,"z":0.006958881858736277,"w":0.9682454466819763},"size":2.2187581062316896,"orthographic":false}